{
  "project_info": {
    "project_number": "1001240753581",
    "project_id": "ihpgroupptc",
    "storage_bucket": "ihpgroupptc.firebasestorage.app"
  },
  "client": [
    {
      "client_info": {
        "mobilesdk_app_id": "1:1001240753581:android:ff60710627968bab429d24",
        "android_client_info": {
          "package_name": "com.example.ihpgroup"
        }
      },
      "oauth_client": [],
      "api_key": [
        {
          "current_key": "AIzaSyDq2NjwJx1QJl5HZTmmpGXgaQ1BgN27cQM"
        }
      ],
      "services": {
        "appinvite_service": {
          "other_platform_oauth_client": []
        }
      }
    }
  ],
  "configuration_version": "1"
}